Current TOP Code,CTE
0101.00,CTE
0102.00,CTE
0102.00,CTE
0102.00,CTE
0102.00,CTE
0102.10,CTE
0102.10,CTE
0102.10,CTE
0102.10,CTE
0102.10,CTE
0102.10,CTE
0102.10,CTE
0102.10,CTE
0102.10,CTE
0102.10,CTE
0102.10,CTE
0102.10,CTE
0102.10,CTE
0102.10,CTE
0102.20,CTE
0102.20,CTE
0102.20,CTE
0102.30,CTE
0102.30,CTE
0102.40,CTE
0102.40,CTE
0102.40,CTE
0102.40,CTE
0103.00,CTE
0103.00,CTE
0103.00,CTE
0103.00,CTE
0103.00,CTE
0103.00,CTE
0103.00,CTE
0103.10,CTE
0103.10,CTE
0104.00,CTE
0104.00,CTE
0104.00,CTE
0104.00,CTE
0104.00,CTE
0104.00,CTE
0104.00,CTE
0104.00,CTE
0104.00,CTE
0104.00,CTE
0104.00,CTE
0104.00,CTE
0104.00,CTE
0104.00,CTE
0104.00,CTE
0104.00,CTE
0104.00,CTE
0109.00,CTE
0109.00,CTE
0109.00,CTE
0109.10,CTE
0109.10,CTE
0109.10,CTE
0109.10,CTE
0109.20,CTE
0109.20,CTE
0109.30,CTE
0109.30,CTE
0109.30,CTE
0109.30,CTE
0109.30,CTE
0109.30,CTE
0109.40,CTE
0109.40,CTE
0109.40,CTE
0109.40,CTE
0109.40,CTE
0109.40,CTE
0109.40,CTE
0109.40,CTE
0112.00,CTE
0112.00,CTE
0112.00,CTE
0112.00,CTE
0112.00,CTE
0112.00,CTE
0112.00,CTE
0113.00,CTE
0113.00,CTE
0113.00,CTE
0113.00,CTE
0113.00,CTE
0113.00,CTE
0113.00,CTE
0113.00,CTE
0113.00,CTE
0113.00,CTE
0113.00,CTE
0113.00,CTE
0113.00,CTE
0114.00,CTE
0114.00,CTE
0114.00,CTE
0114.00,CTE
0114.00,CTE
0114.00,CTE
0114.00,CTE
0114.00,CTE
0114.00,CTE
0114.00,CTE
0114.00,CTE
0115.00,CTE
0115.00,CTE
0115.00,CTE
0115.00,CTE
0115.00,CTE
0115.00,CTE
0115.00,CTE
0115.10,CTE
0115.10,CTE
0115.10,CTE
0115.10,CTE
0115.10,CTE
0115.10,CTE
0115.20,CTE
0115.20,CTE
0115.20,CTE
0116.00,CTE
0116.00,CTE
0116.00,CTE
0116.00,CTE
0116.00,CTE
0116.00,CTE
0199.00,CTE
0199.00,CTE
0199.00,CTE
0201.00,CTE
0201.00,CTE
0201.00,CTE
0201.00,CTE
0201.00,CTE
0201.00,CTE
0201.00,CTE
0201.00,CTE
0201.00,CTE
0201.00,CTE
0201.00,CTE
0201.00,CTE
0201.00,CTE
0201.10,Not CTE
0201.10,Not CTE
0299.00,CTE
0301.00,Not CTE
0301.00,Not CTE
0301.00,Not CTE
0301.00,Not CTE
0301.00,Not CTE
0301.00,Not CTE
0301.00,Not CTE
0301.00,Not CTE
0301.00,Not CTE
0301.00,Not CTE
0301.00,Not CTE
0301.00,Not CTE
0301.00,Not CTE
0301.00,Not CTE
0301.00,Not CTE
0301.00,Not CTE
0302.00,Not CTE
0302.00,Not CTE
0302.00,Not CTE
0302.00,Not CTE
0302.00,Not CTE
0302.00,Not CTE
0302.00,Not CTE
0302.00,Not CTE
0302.00,Not CTE
0302.00,Not CTE
0303.00,CTE
0303.00,CTE
0303.00,CTE
0303.00,CTE
0303.00,CTE
0401.00,Not CTE
0401.00,Not CTE
0401.00,Not CTE
0401.00,Not CTE
0401.00,Not CTE
0401.00,Not CTE
0401.00,Not CTE
0401.00,Not CTE
0402.00,Not CTE
0402.00,Not CTE
0402.00,Not CTE
0403.00,Not CTE
0403.00,Not CTE
0403.00,Not CTE
0403.00,Not CTE
0403.00,Not CTE
0403.00,Not CTE
0403.00,Not CTE
0403.00,Not CTE
0407.00,Not CTE
0407.00,Not CTE
0407.00,Not CTE
0408.00,Not CTE
0408.00,Not CTE
0408.00,Not CTE
0430.00,CTE
0430.00,CTE
0430.00,CTE
0430.00,CTE
0430.00,CTE
0430.00,CTE
0430.00,CTE
0430.00,CTE
0430.00,CTE
0430.00,CTE
0499.00,Not CTE
0499.00,Not CTE
0499.00,Not CTE
0501.00,CTE
0501.00,CTE
0501.00,CTE
0501.00,CTE
0501.00,CTE
0501.00,CTE
0501.00,CTE
0501.00,CTE
0501.00,CTE
0501.00,CTE
0501.00,CTE
0501.00,CTE
0501.00,CTE
0501.00,CTE
0501.00,CTE
0501.00,CTE
0501.00,CTE
0501.00,CTE
0501.00,CTE
0501.00,CTE
0501.00,CTE
0501.00,CTE
0501.00,CTE
0501.00,CTE
0501.00,CTE
0501.00,CTE
0501.00,CTE
0501.00,CTE
0501.00,CTE
0501.00,CTE
0501.00,CTE
0501.00,CTE
0501.00,CTE
0501.00,CTE
0501.00,CTE
0501.00,CTE
0501.00,CTE
0501.00,CTE
0501.00,CTE
0501.00,CTE
0501.00,CTE
0501.00,CTE
0501.00,CTE
0502.00,CTE
0502.00,CTE
0502.00,CTE
0502.00,CTE
0502.00,CTE
0502.00,CTE
0502.00,CTE
0502.00,CTE
0502.00,CTE
0502.00,CTE
0502.00,CTE
0502.00,CTE
0502.00,CTE
0502.00,CTE
0502.00,CTE
0502.10,CTE
0502.10,CTE
0502.10,CTE
0502.10,CTE
0502.10,CTE
0504.00,CTE
0504.00,CTE
0504.00,CTE
0504.00,CTE
0504.00,CTE
0504.00,CTE
0504.00,CTE
0504.00,CTE
0504.00,CTE
0504.00,CTE
0504.00,CTE
0504.00,CTE
0504.00,CTE
0504.00,CTE
0504.00,CTE
0504.00,CTE
0504.00,CTE
0504.00,CTE
0504.00,CTE
0504.00,CTE
0504.00,CTE
0504.00,CTE
0504.00,CTE
0504.00,CTE
0504.00,CTE
0505.00,CTE
0505.00,CTE
0505.00,CTE
0505.00,CTE
0505.00,CTE
0505.00,CTE
0505.00,CTE
0505.00,CTE
0505.00,CTE
0505.00,CTE
0505.00,CTE
0505.00,CTE
0505.00,CTE
0505.00,CTE
0505.00,CTE
0505.00,CTE
0505.00,CTE
0505.00,CTE
0505.00,CTE
0505.00,CTE
0505.00,CTE
0505.00,CTE
0505.00,CTE
0505.00,CTE
0505.00,CTE
0505.00,CTE
0505.00,CTE
0505.00,CTE
0506.00,CTE
0506.00,CTE
0506.00,CTE
0506.00,CTE
0506.00,CTE
0506.00,CTE
0506.00,CTE
0506.00,CTE
0506.00,CTE
0506.00,CTE
0506.00,CTE
0506.00,CTE
0506.00,CTE
0506.00,CTE
0506.00,CTE
0506.00,CTE
0506.00,CTE
0506.00,CTE
0506.00,CTE
0506.00,CTE
0506.00,CTE
0506.00,CTE
0506.00,CTE
0506.00,CTE
0506.00,CTE
0506.00,CTE
0506.00,CTE
0506.00,CTE
0506.00,CTE
0506.00,CTE
0506.00,CTE
0506.00,CTE
0506.00,CTE
0506.30,CTE
0506.30,CTE
0506.30,CTE
0506.30,CTE
0506.30,CTE
0506.30,CTE
0506.30,CTE
0506.30,CTE
0506.30,CTE
0506.30,CTE
0506.30,CTE
0506.40,CTE
0506.40,CTE
0506.40,CTE
0506.40,CTE
0506.40,CTE
0506.40,CTE
0506.40,CTE
0506.40,CTE
0506.40,CTE
0506.40,CTE
0506.40,CTE
0506.40,CTE
0506.40,CTE
0506.50,CTE
0506.50,CTE
0506.50,CTE
0506.50,CTE
0506.50,CTE
0506.50,CTE
0506.50,CTE
0506.50,CTE
0506.50,CTE
0508.00,CTE
0508.00,CTE
0508.00,CTE
0508.00,CTE
0509.00,CTE
0509.00,CTE
0509.00,CTE
0509.00,CTE
0509.00,CTE
0509.00,CTE
0509.00,CTE
0509.00,CTE
0509.00,CTE
0509.00,CTE
0509.00,CTE
0509.00,CTE
0509.00,CTE
0509.10,CTE
0509.20,CTE
0509.20,CTE
0509.20,CTE
0509.20,CTE
0509.20,CTE
0509.20,CTE
0509.40,CTE
0509.40,CTE
0509.40,CTE
0509.40,CTE
0509.40,CTE
0509.40,CTE
0509.40,CTE
0509.40,CTE
0509.60,CTE
0509.60,CTE
0509.60,CTE
0509.60,CTE
0509.60,CTE
0509.70,CTE
0509.70,CTE
0509.70,CTE
0509.70,CTE
0509.70,CTE
0509.70,CTE
0509.70,CTE
0509.70,CTE
0510.00,CTE
0510.00,CTE
0510.00,CTE
0510.00,CTE
0510.00,CTE
0511.00,CTE
0511.00,CTE
0511.00,CTE
0511.00,CTE
0511.10,CTE
0511.10,CTE
0511.10,CTE
0511.10,CTE
0512.00,CTE
0512.00,CTE
0512.00,CTE
0512.00,CTE
0512.00,CTE
0512.00,CTE
0512.00,CTE
0512.00,CTE
0512.00,CTE
0512.00,CTE
0512.00,CTE
0512.00,CTE
0512.00,CTE
0512.00,CTE
0514.00,CTE
0514.00,CTE
0514.00,CTE
0514.00,CTE
0514.00,CTE
0514.00,CTE
0514.00,CTE
0514.00,CTE
0514.00,CTE
0514.00,CTE
0514.00,CTE
0514.00,CTE
0514.00,CTE
0514.00,CTE
0514.00,CTE
0514.10,CTE
0514.10,CTE
0514.20,CTE
0514.20,CTE
0514.20,CTE
0514.20,CTE
0514.30,CTE
0514.30,CTE
0514.40,CTE
0514.40,CTE
0514.40,CTE
0516.00,CTE
0516.00,CTE
0516.00,CTE
0516.00,CTE
0518.00,CTE
0518.00,CTE
0599.00,CTE
0601.00,Not CTE
0601.00,Not CTE
0601.00,Not CTE
0601.00,Not CTE
0601.00,Not CTE
0601.00,Not CTE
0601.00,Not CTE
0601.00,Not CTE
0601.00,Not CTE
0601.00,Not CTE
0602.00,CTE
0602.00,CTE
0602.00,CTE
0602.00,CTE
0602.00,CTE
0602.00,CTE
0602.00,CTE
0604.00,CTE
0604.00,CTE
0604.00,CTE
0604.00,CTE
0604.00,CTE
0604.00,CTE
0604.00,CTE
0604.00,CTE
0604.00,CTE
0604.10,CTE
0604.10,CTE
0604.10,CTE
0604.10,CTE
0604.10,CTE
0604.10,CTE
0604.10,CTE
0604.10,CTE
0604.10,CTE
0604.20,CTE
0604.20,CTE
0604.20,CTE
0604.20,CTE
0604.20,CTE
0604.20,CTE
0604.20,CTE
0604.20,CTE
0604.20,CTE
0604.30,CTE
0604.30,CTE
0604.30,CTE
0604.30,CTE
0604.30,CTE
0606.00,CTE
0606.00,CTE
0606.00,CTE
0606.00,CTE
0607.00,CTE
0607.00,CTE
0607.00,CTE
0610.00,CTE
0610.00,CTE
0610.00,CTE
0610.00,CTE
0610.00,CTE
0610.00,CTE
0610.00,CTE
0610.00,CTE
0610.00,CTE
0612.00,Not CTE
0612.10,Not CTE
0612.20,CTE
0612.20,CTE
0612.20,CTE
0614.00,CTE
0614.00,CTE
0614.00,CTE
0614.00,CTE
0614.00,CTE
0614.00,CTE
0614.00,CTE
0614.00,CTE
0614.00,CTE
0614.00,CTE
0614.00,CTE
0614.00,CTE
0614.00,CTE
0614.10,CTE
0614.20,CTE
0614.20,CTE
0614.20,CTE
0614.20,CTE
0614.30,CTE
0614.30,CTE
0614.30,CTE
0614.30,CTE
0614.40,CTE
0614.50,CTE
0614.50,CTE
0614.60,CTE
0614.60,CTE
0614.60,CTE
0699.00,CTE
0699.00,CTE
0701.00,CTE
0701.00,CTE
0701.00,CTE
0701.00,CTE
0701.00,CTE
0701.00,CTE
0701.00,CTE
0701.00,CTE
0701.00,CTE
0701.00,CTE
0701.00,CTE
0701.00,CTE
0701.00,CTE
0701.00,CTE
0701.00,CTE
0701.00,CTE
0701.00,CTE
0701.00,CTE
0701.00,CTE
0701.00,CTE
0701.00,CTE
0701.00,CTE
0701.00,CTE
0701.00,CTE
0701.00,CTE
0702.00,CTE
0702.00,CTE
0702.00,CTE
0702.00,CTE
0702.00,CTE
0702.00,CTE
0702.00,CTE
0702.00,CTE
0702.00,CTE
0702.00,CTE
0702.00,CTE
0702.00,CTE
0702.00,CTE
0702.00,CTE
0702.00,CTE
0702.00,CTE
0702.00,CTE
0702.00,CTE
0702.00,CTE
0702.00,CTE
0702.00,CTE
0702.00,CTE
0702.00,CTE
0702.00,CTE
0702.00,CTE
0702.00,CTE
0702.00,CTE
0702.00,CTE
0702.00,CTE
0702.00,CTE
0702.00,CTE
0702.00,CTE
0702.00,CTE
0702.00,CTE
0702.00,CTE
0702.00,CTE
0702.00,CTE
0702.00,CTE
0702.00,CTE
0702.00,CTE
0702.00,CTE
0702.00,CTE
0702.00,CTE
0702.00,CTE
0702.00,CTE
0702.00,CTE
0702.00,CTE
0702.00,CTE
0702.00,CTE
0702.10,CTE
0702.10,CTE
0702.10,CTE
0702.10,CTE
0702.10,CTE
0702.10,CTE
0702.10,CTE
0706.00,Not CTE
0706.00,Not CTE
0706.00,Not CTE
0706.00,Not CTE
0706.00,Not CTE
0706.00,Not CTE
0706.00,Not CTE
0706.00,Not CTE
0706.00,Not CTE
0706.00,Not CTE
0706.00,Not CTE
0706.00,Not CTE
0706.00,Not CTE
0706.00,Not CTE
0706.00,Not CTE
0706.00,Not CTE
0706.00,Not CTE
0706.00,Not CTE
0706.00,Not CTE
0706.00,Not CTE
0706.00,Not CTE
0706.00,Not CTE
0706.00,Not CTE
0706.00,Not CTE
0706.00,Not CTE
0706.00,Not CTE
0706.00,Not CTE
0706.00,Not CTE
0706.00,Not CTE
0706.00,Not CTE
0706.00,Not CTE
0706.00,Not CTE
0706.00,Not CTE
0706.00,Not CTE
0706.00,Not CTE
0706.00,Not CTE
0706.00,Not CTE
0706.00,Not CTE
0706.00,Not CTE
0706.00,Not CTE
0706.00,Not CTE
0706.00,Not CTE
0706.00,Not CTE
0706.00,Not CTE
0706.00,Not CTE
0707.00,CTE
0707.00,CTE
0707.00,CTE
0707.00,CTE
0707.00,CTE
0707.00,CTE
0707.00,CTE
0707.00,CTE
0707.00,CTE
0707.00,CTE
0707.00,CTE
0707.00,CTE
0707.00,CTE
0707.00,CTE
0707.00,CTE
0707.00,CTE
0707.00,CTE
0707.00,CTE
0707.00,CTE
0707.00,CTE
0707.00,CTE
0707.00,CTE
0707.00,CTE
0707.00,CTE
0707.00,CTE
0707.00,CTE
0707.10,CTE
0707.10,CTE
0707.10,CTE
0707.10,CTE
0707.10,CTE
0707.10,CTE
0707.10,CTE
0707.10,CTE
0707.10,CTE
0707.10,CTE
0707.10,CTE
0707.10,CTE
0707.10,CTE
0707.10,CTE
0707.10,CTE
0707.10,CTE
0707.10,CTE
0707.10,CTE
0707.10,CTE
0707.10,CTE
0707.10,CTE
0707.10,CTE
0707.10,CTE
0707.10,CTE
0707.10,CTE
0707.10,CTE
0707.10,CTE
0707.10,CTE
0707.10,CTE
0707.10,CTE
0707.10,CTE
0707.10,CTE
0707.10,CTE
0707.10,CTE
0707.10,CTE
0707.10,CTE
0707.10,CTE
0707.10,CTE
0707.10,CTE
0707.10,CTE
0707.10,CTE
0707.10,CTE
0707.10,CTE
0707.10,CTE
0707.10,CTE
0707.10,CTE
0707.10,CTE
0707.10,CTE
0707.10,CTE
0707.10,CTE
0707.10,CTE
0707.10,CTE
0707.10,CTE
0707.10,CTE
0707.10,CTE
0707.20,CTE
0707.20,CTE
0707.20,CTE
0707.20,CTE
0707.20,CTE
0707.20,CTE
0707.20,CTE
0707.20,CTE
0707.20,CTE
0707.20,CTE
0707.20,CTE
0707.20,CTE
0707.20,CTE
0707.20,CTE
0707.20,CTE
0707.20,CTE
0707.20,CTE
0707.30,CTE
0707.30,CTE
0707.30,CTE
0707.30,CTE
0707.30,CTE
0707.30,CTE
0707.30,CTE
0708.00,CTE
0708.00,CTE
0708.00,CTE
0708.00,CTE
0708.00,CTE
0708.00,CTE
0708.00,CTE
0708.00,CTE
0708.00,CTE
0708.00,CTE
0708.00,CTE
0708.00,CTE
0708.00,CTE
0708.00,CTE
0708.00,CTE
0708.00,CTE
0708.00,CTE
0708.00,CTE
0708.00,CTE
0708.00,CTE
0708.00,CTE
0708.00,CTE
0708.00,CTE
0708.00,CTE
0708.00,CTE
0708.00,CTE
0708.00,CTE
0708.00,CTE
0708.00,CTE
0708.00,CTE
0708.00,CTE
0708.10,CTE
0708.10,CTE
0708.10,CTE
0708.10,CTE
0708.10,CTE
0708.10,CTE
0708.10,CTE
0708.10,CTE
0708.10,CTE
0708.10,CTE
0708.10,CTE
0708.10,CTE
0708.10,CTE
0708.10,CTE
0708.10,CTE
0708.10,CTE
0708.10,CTE
0708.10,CTE
0708.10,CTE
0708.10,CTE
0708.10,CTE
0708.10,CTE
0708.10,CTE
0708.10,CTE
0708.10,CTE
0708.10,CTE
0708.10,CTE
0708.10,CTE
0708.10,CTE
0708.20,CTE
0708.20,CTE
0708.20,CTE
0708.20,CTE
0708.20,CTE
0708.20,CTE
0708.20,CTE
0708.20,CTE
0708.20,CTE
0709.00,CTE
0709.00,CTE
0709.00,CTE
0709.00,CTE
0709.00,CTE
0709.00,CTE
0709.00,CTE
0709.00,CTE
0709.00,CTE
0709.10,CTE
0709.10,CTE
0709.10,CTE
0709.10,CTE
0709.10,CTE
0709.10,CTE
0709.10,CTE
0799.00,CTE
0799.00,CTE
0799.00,CTE
0801.00,Not CTE
0801.00,Not CTE
0801.00,Not CTE
0801.00,Not CTE
0801.00,Not CTE
0801.00,Not CTE
0801.00,Not CTE
0801.00,Not CTE
0801.00,Not CTE
0801.00,Not CTE
0801.00,Not CTE
0801.00,Not CTE
0801.00,Not CTE
0801.00,Not CTE
0801.00,Not CTE
0801.00,Not CTE
0801.00,Not CTE
0801.00,Not CTE
0801.00,Not CTE
0801.00,Not CTE
0801.00,Not CTE
0801.00,Not CTE
0801.00,Not CTE
0801.00,Not CTE
0801.00,Not CTE
0801.00,Not CTE
0802.00,CTE
0802.00,CTE
0802.10,CTE
0802.10,CTE
0802.10,CTE
0802.10,CTE
0802.10,CTE
0802.10,CTE
0802.10,CTE
0802.10,CTE
0802.10,CTE
0809.00,CTE
0809.00,CTE
0809.00,CTE
0809.00,CTE
0809.00,CTE
0809.00,CTE
0809.00,CTE
0835.00,Not CTE
0835.00,Not CTE
0835.00,Not CTE
0835.10,Not CTE
0835.10,Not CTE
0835.10,Not CTE
0835.20,CTE
0835.20,CTE
0835.50,Not CTE
0835.50,Not CTE
0835.50,Not CTE
0835.60,CTE
0835.60,CTE
0835.60,CTE
0835.60,CTE
0835.60,CTE
0835.70,CTE
0835.80,Not CTE
0836.10,CTE
0836.10,CTE
0836.10,CTE
0836.10,CTE
0836.10,CTE
0836.10,CTE
0837.00,Not CTE
0837.00,Not CTE
0839.00,Not CTE
0839.00,Not CTE
0839.00,Not CTE
0839.00,Not CTE
0850.00,Not CTE
0850.00,Not CTE
0850.10,CTE
0850.10,CTE
0850.10,CTE
0850.10,CTE
0860.00,CTE
0860.00,CTE
0899.00,CTE
0899.00,CTE
0901.00,Not CTE
0901.00,Not CTE
0901.00,Not CTE
0924.00,CTE
0924.00,CTE
0924.00,CTE
0924.00,CTE
0924.00,CTE
0924.00,CTE
0924.00,CTE
0924.00,CTE
0924.00,CTE
0924.00,CTE
0924.00,CTE
0924.00,CTE
0924.00,CTE
0924.00,CTE
0934.00,CTE
0934.00,CTE
0934.00,CTE
0934.00,CTE
0934.00,CTE
0934.00,CTE
0934.00,CTE
0934.00,CTE
0934.00,CTE
0934.00,CTE
0934.00,CTE
0934.00,CTE
0934.00,CTE
0934.00,CTE
0934.00,CTE
0934.10,CTE
0934.10,CTE
0934.10,CTE
0934.10,CTE
0934.10,CTE
0934.10,CTE
0934.10,CTE
0934.10,CTE
0934.10,CTE
0934.10,CTE
0934.10,CTE
0934.20,CTE
0934.20,CTE
0934.20,CTE
0934.20,CTE
0934.30,CTE
0934.30,CTE
0934.30,CTE
0934.30,CTE
0934.30,CTE
0934.30,CTE
0934.40,CTE
0934.40,CTE
0934.40,CTE
0934.60,CTE
0934.60,CTE
0934.60,CTE
0934.70,CTE
0934.70,CTE
0934.70,CTE
0934.70,CTE
0934.70,CTE
0934.80,CTE
0934.80,CTE
0935.00,CTE
0935.00,CTE
0935.00,CTE
0935.00,CTE
0935.00,CTE
0935.00,CTE
0935.10,CTE
0936.00,CTE
0936.00,CTE
0936.00,CTE
0936.00,CTE
0936.00,CTE
0936.00,CTE
0936.00,CTE
0936.00,CTE
0943.00,CTE
0943.00,CTE
0943.00,CTE
0943.00,CTE
0945.00,CTE
0945.00,CTE
0945.00,CTE
0945.00,CTE
0945.00,CTE
0945.00,CTE
0945.00,CTE
0945.00,CTE
0945.00,CTE
0946.00,CTE
0946.00,CTE
0946.00,CTE
0946.00,CTE
0946.00,CTE
0946.10,CTE
0946.10,CTE
0946.10,CTE
0946.10,CTE
0946.10,CTE
0946.10,CTE
0946.10,CTE
0946.10,CTE
0946.10,CTE
0946.10,CTE
0946.10,CTE
0946.10,CTE
0946.10,CTE
0946.10,CTE
0946.10,CTE
0946.10,CTE
0946.10,CTE
0946.10,CTE
0946.10,CTE
0946.10,CTE
0946.10,CTE
0946.10,CTE
0946.10,CTE
0946.10,CTE
0946.10,CTE
0946.10,CTE
0946.10,CTE
0946.10,CTE
0946.10,CTE
0946.10,CTE
0946.10,CTE
0946.10,CTE
0946.10,CTE
0946.10,CTE
0946.10,CTE
0946.10,CTE
0947.00,CTE
0947.00,CTE
0947.00,CTE
0947.00,CTE
0947.00,CTE
0947.00,CTE
0947.00,CTE
0947.00,CTE
0947.00,CTE
0947.00,CTE
0947.00,CTE
0947.00,CTE
0947.00,CTE
0947.00,CTE
0947.00,CTE
0947.00,CTE
0947.00,CTE
0947.00,CTE
0947.00,CTE
0947.00,CTE
0947.00,CTE
0947.00,CTE
0947.20,CTE
0947.20,CTE
0947.20,CTE
0947.20,CTE
0947.20,CTE
0947.20,CTE
0947.30,CTE
0947.30,CTE
0947.30,CTE
0947.30,CTE
0947.30,CTE
0947.30,CTE
0947.30,CTE
0947.30,CTE
0947.30,CTE
0947.30,CTE
0947.30,CTE
0947.30,CTE
0947.30,CTE
0947.30,CTE
0947.30,CTE
0947.30,CTE
0947.30,CTE
0947.30,CTE
0947.30,CTE
0947.40,CTE
0947.40,CTE
0947.40,CTE
0947.40,CTE
0947.40,CTE
0947.40,CTE
0947.40,CTE
0947.40,CTE
0947.50,CTE
0947.50,CTE
0947.50,CTE
0947.50,CTE
0948.00,CTE
0948.00,CTE
0948.00,CTE
0948.00,CTE
0948.00,CTE
0948.00,CTE
0948.00,CTE
0948.00,CTE
0948.00,CTE
0948.30,CTE
0948.30,CTE
0948.30,CTE
0948.30,CTE
0948.40,CTE
0948.50,CTE
0948.50,CTE
0949.00,CTE
0949.00,CTE
0949.00,CTE
0949.00,CTE
0949.10,CTE
0950.00,CTE
0950.00,CTE
0950.00,CTE
0950.00,CTE
0950.00,CTE
0950.00,CTE
0950.00,CTE
0950.10,CTE
0950.10,CTE
0950.20,CTE
0950.20,CTE
0950.40,CTE
0950.40,CTE
0950.40,CTE
0950.40,CTE
0950.40,CTE
0950.50,CTE
0950.50,CTE
0952.00,CTE
0952.00,CTE
0952.00,CTE
0952.00,CTE
0952.00,CTE
0952.00,CTE
0952.10,CTE
0952.10,CTE
0952.20,CTE
0952.20,CTE
0952.20,CTE
0952.20,CTE
0952.20,CTE
0952.20,CTE
0952.30,CTE
0952.30,CTE
0952.30,CTE
0952.30,CTE
0952.30,CTE
0952.40,CTE
0952.40,CTE
0952.50,CTE
0952.50,CTE
0952.50,CTE
0952.50,CTE
0952.50,CTE
0952.50,CTE
0952.50,CTE
0952.50,CTE
0952.60,CTE
0952.60,CTE
0952.60,CTE
0952.60,CTE
0952.60,CTE
0952.60,CTE
0952.60,CTE
0952.60,CTE
0952.60,CTE
0952.70,CTE
0952.70,CTE
0952.70,CTE
0952.70,CTE
0952.70,CTE
0952.70,CTE
0952.80,CTE
0952.80,CTE
0952.90,CTE
0952.90,CTE
0952.90,CTE
0953.00,CTE
0953.00,CTE
0953.00,CTE
0953.00,CTE
0953.00,CTE
0953.00,CTE
0953.00,CTE
0953.00,CTE
0953.00,CTE
0953.00,CTE
0953.00,CTE
0953.10,CTE
0953.20,CTE
0953.30,CTE
0953.40,CTE
0953.60,CTE
0953.60,CTE
0953.60,CTE
0954.00,CTE
0954.00,CTE
0954.00,CTE
0954.00,CTE
0954.00,CTE
0954.00,CTE
0954.20,CTE
0954.20,CTE
0954.20,CTE
0954.20,CTE
0954.30,CTE
0954.30,CTE
0954.30,CTE
0955.00,CTE
0955.00,CTE
0955.00,CTE
0955.00,CTE
0955.00,CTE
0955.00,CTE
0955.00,CTE
0956.00,CTE
0956.00,CTE
0956.00,CTE
0956.00,CTE
0956.00,CTE
0956.00,CTE
0956.00,CTE
0956.00,CTE
0956.00,CTE
0956.00,CTE
0956.00,CTE
0956.00,CTE
0956.00,CTE
0956.00,CTE
0956.00,CTE
0956.00,CTE
0956.00,CTE
0956.00,CTE
0956.00,CTE
0956.30,CTE
0956.30,CTE
0956.30,CTE
0956.30,CTE
0956.30,CTE
0956.30,CTE
0956.30,CTE
0956.30,CTE
0956.30,CTE
0956.30,CTE
0956.30,CTE
0956.30,CTE
0956.30,CTE
0956.30,CTE
0956.30,CTE
0956.30,CTE
0956.30,CTE
0956.30,CTE
0956.40,CTE
0956.40,CTE
0956.40,CTE
0956.40,CTE
0956.40,CTE
0956.40,CTE
0956.50,CTE
0956.50,CTE
0956.50,CTE
0956.50,CTE
0956.50,CTE
0956.70,CTE
0956.70,CTE
0956.70,CTE
0956.70,CTE
0956.80,CTE
0957.00,CTE
0957.00,CTE
0957.00,CTE
0957.00,CTE
0957.00,CTE
0957.00,CTE
0957.00,CTE
0957.00,CTE
0957.00,CTE
0957.00,CTE
0957.00,CTE
0957.00,CTE
0957.20,CTE
0957.20,CTE
0957.20,CTE
0957.30,CTE
0957.30,CTE
0957.30,CTE
0957.30,CTE
0958.00,CTE
0958.00,CTE
0958.00,CTE
0959.00,CTE
0959.00,CTE
0959.00,CTE
0959.00,CTE
0959.00,CTE
0959.00,CTE
0959.00,CTE
0959.00,CTE
0959.10,CTE
0961.00,CTE
0961.00,CTE
0962.00,CTE
0999.00,CTE
0999.00,CTE
1001.00,Not CTE
1001.00,Not CTE
1001.00,Not CTE
1001.00,Not CTE
1002.00,Not CTE
1002.00,Not CTE
1002.00,Not CTE
1002.00,Not CTE
1002.00,Not CTE
1002.00,Not CTE
1002.00,Not CTE
1002.00,Not CTE
1002.10,Not CTE
1002.10,Not CTE
1002.10,Not CTE
1002.20,Not CTE
1002.20,Not CTE
1002.30,Not CTE
1002.30,Not CTE
1004.00,Not CTE
1004.00,Not CTE
1004.00,Not CTE
1004.00,Not CTE
1005.00,CTE
1005.00,CTE
1005.00,CTE
1005.00,CTE
1005.00,CTE
1005.00,CTE
1005.00,CTE
1005.00,CTE
1005.00,CTE
1005.00,CTE
1005.00,CTE
1005.00,CTE
1005.00,CTE
1005.00,CTE
1005.00,CTE
1006.00,CTE
1006.00,CTE
1006.00,CTE
1006.00,CTE
1006.00,CTE
1006.00,CTE
1006.00,CTE
1006.00,CTE
1006.00,CTE
1006.00,CTE
1007.00,Not CTE
1007.00,Not CTE
1007.00,Not CTE
1007.00,Not CTE
1007.00,Not CTE
1007.00,Not CTE
1007.00,Not CTE
1007.00,Not CTE
1007.00,Not CTE
1007.00,Not CTE
1007.00,Not CTE
1007.00,Not CTE
1007.00,Not CTE
1007.00,Not CTE
1008.00,Not CTE
1008.00,Not CTE
1008.10,CTE
1008.10,CTE
1009.00,CTE
1009.00,CTE
1009.00,CTE
1009.00,CTE
1009.00,CTE
1009.00,CTE
1009.10,Not CTE
1009.10,Not CTE
1009.10,Not CTE
1012.00,CTE
1012.00,CTE
1012.00,CTE
1012.00,CTE
1013.00,CTE
1013.00,CTE
1013.00,CTE
1030.00,CTE
1030.00,CTE
1030.00,CTE
1030.00,CTE
1030.00,CTE
1030.00,CTE
1099.00,CTE
1099.00,CTE
1099.00,CTE
1101.00,Not CTE
1101.00,Not CTE
1101.00,Not CTE
1101.00,Not CTE
1101.00,Not CTE
1101.00,Not CTE
1101.00,Not CTE
1102.00,Not CTE
1102.00,Not CTE
1103.00,Not CTE
1103.00,Not CTE
1104.00,Not CTE
1104.00,Not CTE
1105.00,Not CTE
1105.00,Not CTE
1106.00,Not CTE
1106.00,Not CTE
1107.00,Not CTE
1107.00,Not CTE
1108.00,Not CTE
1108.00,Not CTE
1109.00,Not CTE
1109.00,Not CTE
1110.00,Not CTE
1111.00,Not CTE
1111.00,Not CTE
1112.00,Not CTE
1112.00,Not CTE
1116.00,Not CTE
1117.00,Not CTE
1117.00,Not CTE
1117.10,Not CTE
1117.20,Not CTE
1117.30,Not CTE
1117.30,Not CTE
1119.00,Not CTE
1199.00,Not CTE
1199.00,Not CTE
1201.00,CTE
1201.00,CTE
1201.00,CTE
1202.00,CTE
1202.00,CTE
1202.00,CTE
1202.00,CTE
1202.00,CTE
1202.00,CTE
1205.00,CTE
1205.10,CTE
1206.00,CTE
1208.00,CTE
1208.00,CTE
1208.00,CTE
1208.00,CTE
1208.10,CTE
1208.20,CTE
1208.20,CTE
1208.20,CTE
1208.20,CTE
1208.20,CTE
1208.20,CTE
1208.30,CTE
1208.30,CTE
1208.30,CTE
1208.30,CTE
1208.30,CTE
1208.30,CTE
1208.30,CTE
1208.30,CTE
1208.30,CTE
1208.30,CTE
1208.30,CTE
1209.00,CTE
1209.00,CTE
1210.00,CTE
1210.00,CTE
1210.00,CTE
1210.00,CTE
1210.00,CTE
1210.00,CTE
1210.00,CTE
1211.00,CTE
1211.00,CTE
1211.00,CTE
1212.00,CTE
1212.00,CTE
1212.00,CTE
1213.00,CTE
1214.00,CTE
1214.00,CTE
1215.00,CTE
1217.00,CTE
1217.00,CTE
1217.00,CTE
1217.00,CTE
1218.00,CTE
1218.00,CTE
1219.00,CTE
1219.00,CTE
1220.00,CTE
1221.00,CTE
1222.00,CTE
1222.00,CTE
1223.00,CTE
1223.00,CTE
1223.00,CTE
1223.00,CTE
1223.00,CTE
1223.00,CTE
1223.00,CTE
1223.00,CTE
1223.00,CTE
1223.00,CTE
1223.10,CTE
1223.10,CTE
1223.10,CTE
1223.10,CTE
1223.10,CTE
1223.10,CTE
1223.10,CTE
1223.10,CTE
1224.00,CTE
1224.00,CTE
1225.00,CTE
1225.00,CTE
1225.00,CTE
1225.00,CTE
1225.00,CTE
1225.00,CTE
1225.00,CTE
1226.00,CTE
1226.00,CTE
1226.00,CTE
1226.00,CTE
1226.00,CTE
1227.00,CTE
1227.00,CTE
1228.00,CTE
1228.00,CTE
1230.00,CTE
1230.00,CTE
1230.00,CTE
1230.10,CTE
1230.20,CTE
1230.30,CTE
1230.80,CTE
1230.80,CTE
1230.80,CTE
1239.00,CTE
1239.00,CTE
1240.00,CTE
1240.00,CTE
1240.00,CTE
1240.10,CTE
1240.20,CTE
1240.30,CTE
1250.00,CTE
1250.00,CTE
1251.00,CTE
1251.00,CTE
1255.00,CTE
1255.00,CTE
1255.00,CTE
1260.00,CTE
1261.00,CTE
1261.00,CTE
1262.00,CTE
1262.00,CTE
1270.00,Not CTE
1270.00,Not CTE
1270.00,Not CTE
1299.00,CTE
1299.00,CTE
1301.00,Not CTE
1302.00,CTE
1303.00,CTE
1303.00,CTE
1303.10,CTE
1303.10,CTE
1303.10,CTE
1303.20,CTE
1303.20,CTE
1303.20,CTE
1303.20,CTE
1303.20,CTE
1303.20,CTE
1303.20,CTE
1303.20,CTE
1303.20,CTE
1303.30,CTE
1303.30,CTE
1305.00,CTE
1305.00,CTE
1305.00,CTE
1305.00,CTE
1305.00,CTE
1305.00,CTE
1305.00,CTE
1305.00,CTE
1305.00,CTE
1305.00,CTE
1305.00,CTE
1305.10,CTE
1305.10,CTE
1305.10,CTE
1305.20,CTE
1305.20,CTE
1305.20,CTE
1305.20,CTE
1305.20,CTE
1305.20,CTE
1305.20,CTE
1305.20,CTE
1305.20,CTE
1305.20,CTE
1305.20,CTE
1305.20,CTE
1305.20,CTE
1305.20,CTE
1305.40,CTE
1305.40,CTE
1305.40,CTE
1305.40,CTE
1305.40,CTE
1305.50,CTE
1305.50,CTE
1305.50,CTE
1305.50,CTE
1305.50,CTE
1305.60,CTE
1305.80,CTE
1305.80,CTE
1305.80,CTE
1305.80,CTE
1305.90,CTE
1305.90,CTE
1305.90,CTE
1305.90,CTE
1305.90,CTE
1305.90,CTE
1305.90,CTE
1305.90,CTE
1306.00,CTE
1306.00,CTE
1306.00,CTE
1306.00,CTE
1306.00,CTE
1306.00,CTE
1306.00,CTE
1306.00,CTE
1306.00,CTE
1306.20,CTE
1306.20,CTE
1306.20,CTE
1306.20,CTE
1306.20,CTE
1306.20,CTE
1306.30,CTE
1306.30,CTE
1306.30,CTE
1306.30,CTE
1306.30,CTE
1306.30,CTE
1306.30,CTE
1306.30,CTE
1306.30,CTE
1306.30,CTE
1306.30,CTE
1306.30,CTE
1306.30,CTE
1306.30,CTE
1306.30,CTE
1306.60,CTE
1306.60,CTE
1307.00,CTE
1307.00,CTE
1307.00,CTE
1307.00,CTE
1307.00,CTE
1307.00,CTE
1307.00,CTE
1307.00,CTE
1307.10,CTE
1307.10,CTE
1307.10,CTE
1307.10,CTE
1307.10,CTE
1307.10,CTE
1307.10,CTE
1307.10,CTE
1307.10,CTE
1307.20,CTE
1307.20,CTE
1307.20,CTE
1307.20,CTE
1307.20,CTE
1307.20,CTE
1307.30,CTE
1307.30,CTE
1307.30,CTE
1307.30,CTE
1307.30,CTE
1307.30,CTE
1307.30,CTE
1307.30,CTE
1307.30,CTE
1308.00,CTE
1308.00,CTE
1309.00,CTE
1309.00,CTE
1399.00,CTE
1401.00,Not CTE
1401.00,Not CTE
1402.00,CTE
1402.00,CTE
1402.00,CTE
1499.00,Not CTE
1499.00,Not CTE
1501.00,Not CTE
1501.00,Not CTE
1501.10,Not CTE
1504.00,Not CTE
1504.00,Not CTE
1506.00,Not CTE
1506.00,Not CTE
1506.00,Not CTE
1506.00,Not CTE
1506.00,Not CTE
1506.00,Not CTE
1507.00,Not CTE
1507.00,Not CTE
1507.00,Not CTE
1520.00,Not CTE
1520.00,Not CTE
1599.00,Not CTE
1601.00,Not CTE
1602.00,CTE
1699.00,Not CTE
1701.00,Not CTE
1701.00,Not CTE
1701.00,Not CTE
1701.00,Not CTE
1702.00,Not CTE
1702.00,Not CTE
1702.00,Not CTE
1702.00,Not CTE
1799.00,Not CTE
1799.00,Not CTE
1799.00,Not CTE
1799.00,Not CTE
1801.00,Not CTE
1899.00,Not CTE
1899.00,Not CTE
1901.00,Not CTE
1901.00,Not CTE
1902.00,Not CTE
1902.00,Not CTE
1905.00,Not CTE
1905.00,Not CTE
1905.00,Not CTE
1905.00,Not CTE
1905.00,Not CTE
1905.00,Not CTE
1905.00,Not CTE
1911.00,Not CTE
1914.00,Not CTE
1914.00,Not CTE
1914.00,Not CTE
1914.00,Not CTE
1914.00,Not CTE
1919.00,Not CTE
1919.00,Not CTE
1919.00,Not CTE
1920.00,CTE
1920.00,CTE
1920.00,CTE
1920.00,CTE
1920.00,CTE
1920.00,CTE
1920.00,CTE
1920.00,CTE
1920.00,CTE
1920.00,CTE
1930.00,Not CTE
1930.00,Not CTE
1930.00,Not CTE
1930.00,Not CTE
1930.00,Not CTE
1930.00,Not CTE
1930.00,Not CTE
1930.00,Not CTE
1930.00,Not CTE
1930.00,Not CTE
1999.00,Not CTE
1999.00,Not CTE
2001.00,Not CTE
2001.00,Not CTE
2001.00,Not CTE
2001.00,Not CTE
2001.00,Not CTE
2001.00,Not CTE
2001.00,Not CTE
2001.00,Not CTE
2001.00,Not CTE
2003.00,Not CTE
2003.00,Not CTE
2003.00,Not CTE
2003.00,Not CTE
2003.00,Not CTE
2099.00,Not CTE
2099.00,Not CTE
2099.00,Not CTE
2101.00,CTE
2101.00,CTE
2101.00,CTE
2102.00,CTE
2102.00,CTE
2102.00,CTE
2102.00,CTE
2102.00,CTE
2102.00,CTE
2102.00,CTE
2102.00,CTE
2102.00,CTE
2102.00,CTE
2102.00,CTE
2102.00,CTE
2102.00,CTE
2102.10,CTE
2102.10,CTE
2102.10,CTE
2102.10,CTE
2104.00,CTE
2104.00,CTE
2104.00,CTE
2104.00,CTE
2104.00,CTE
2104.00,CTE
2104.00,CTE
2104.00,CTE
2104.40,CTE
2104.50,CTE
2104.50,CTE
2104.50,CTE
2104.50,CTE
2104.50,CTE
2105.00,CTE
2105.00,CTE
2105.00,CTE
2105.00,CTE
2105.00,CTE
2105.00,CTE
2105.00,CTE
2105.00,CTE
2105.00,CTE
2105.00,CTE
2105.00,CTE
2105.00,CTE
2105.00,CTE
2105.00,CTE
2105.00,CTE
2105.00,CTE
2105.00,CTE
2105.00,CTE
2105.00,CTE
2105.00,CTE
2105.10,CTE
2105.10,CTE
2105.10,CTE
2105.10,CTE
2105.10,CTE
2105.10,CTE
2105.10,CTE
2105.10,CTE
2105.10,CTE
2105.10,CTE
2105.20,CTE
2105.30,CTE
2105.30,CTE
2105.30,CTE
2105.30,CTE
2105.30,CTE
2105.30,CTE
2105.30,CTE
2105.30,CTE
2105.30,CTE
2105.30,CTE
2105.30,CTE
2105.30,CTE
2105.40,CTE
2105.40,CTE
2105.40,CTE
2105.40,CTE
2105.40,CTE
2105.40,CTE
2105.40,CTE
2105.40,CTE
2105.40,CTE
2105.40,CTE
2105.40,CTE
2105.40,CTE
2105.40,CTE
2105.40,CTE
2105.40,CTE
2105.40,CTE
2105.40,CTE
2105.40,CTE
2105.40,CTE
2105.50,CTE
2105.50,CTE
2105.50,CTE
2105.50,CTE
2105.50,CTE
2105.50,CTE
2105.50,CTE
2105.60,CTE
2105.60,CTE
2105.60,CTE
2133.00,CTE
2133.00,CTE
2133.00,CTE
2133.00,CTE
2133.00,CTE
2133.00,CTE
2133.00,CTE
2133.00,CTE
2133.00,CTE
2133.00,CTE
2133.00,CTE
2133.00,CTE
2133.00,CTE
2133.00,CTE
2133.10,CTE
2133.10,CTE
2133.50,CTE
2133.50,CTE
2133.50,CTE
2133.50,CTE
2140.00,CTE
2140.00,CTE
2140.00,CTE
2140.00,CTE
2199.00,CTE
2199.00,CTE
2199.00,CTE
2199.00,CTE
2199.00,CTE
2199.00,CTE
2199.00,CTE
2199.00,CTE
2201.00,Not CTE
2201.00,Not CTE
2201.00,Not CTE
2201.00,Not CTE
2201.00,Not CTE
2201.00,Not CTE
2202.00,Not CTE
2202.00,Not CTE
2202.00,Not CTE
2202.20,Not CTE
2202.20,Not CTE
2202.20,Not CTE
2202.20,Not CTE
2204.00,Not CTE
2204.00,Not CTE
2204.00,Not CTE
2204.00,Not CTE
2204.00,Not CTE
2205.00,Not CTE
2205.00,Not CTE
2205.00,Not CTE
2205.00,Not CTE
2205.00,Not CTE
2205.00,Not CTE
2205.00,Not CTE
2205.00,Not CTE
2205.00,Not CTE
2205.00,Not CTE
2206.00,Not CTE
2206.00,Not CTE
2206.00,Not CTE
2206.00,Not CTE
2206.00,Not CTE
2206.00,Not CTE
2206.00,Not CTE
2206.00,Not CTE
2206.00,Not CTE
2206.00,Not CTE
2206.00,Not CTE
2206.00,Not CTE
2206.00,Not CTE
2206.00,Not CTE
2206.00,Not CTE
2206.00,Not CTE
2206.00,Not CTE
2206.00,Not CTE
2206.00,Not CTE
2206.10,CTE
2206.10,CTE
2206.10,CTE
2206.10,CTE
2206.10,CTE
2206.10,CTE
2206.10,CTE
2206.10,CTE
2206.10,CTE
2206.10,CTE
2206.10,CTE
2207.00,Not CTE
2207.00,Not CTE
2207.00,Not CTE
2207.00,Not CTE
2207.00,Not CTE
2207.10,Not CTE
2207.10,Not CTE
2207.10,Not CTE
2207.10,Not CTE
2208.00,Not CTE
2208.00,Not CTE
2208.00,Not CTE
2208.00,Not CTE
2208.00,Not CTE
2208.00,Not CTE
2208.00,Not CTE
2208.00,Not CTE
2208.00,Not CTE
2208.00,Not CTE
2210.00,Not CTE
2210.00,Not CTE
2210.00,Not CTE
2299.00,Not CTE
2299.00,Not CTE
2299.00,Not CTE
2299.00,Not CTE
3005.00,CTE
3005.00,CTE
3007.00,CTE
3007.00,CTE
3007.00,CTE
3007.00,CTE
3007.00,CTE
3007.00,CTE
3007.00,CTE
3007.00,CTE
3007.00,CTE
3007.00,CTE
3007.00,CTE
3007.00,CTE
3007.00,CTE
3007.00,CTE
3007.00,CTE
3007.00,CTE
3007.00,CTE
3007.00,CTE
3007.00,CTE
3007.00,CTE
3007.00,CTE
3007.00,CTE
3007.00,CTE
3007.00,CTE
3008.00,CTE
3009.00,CTE
3009.00,CTE
3009.00,CTE
3009.00,CTE
3009.00,CTE
3009.00,CTE
3009.00,CTE
3009.00,CTE
3020.00,CTE
3020.10,CTE
3020.10,CTE
3020.20,CTE
3020.20,CTE
3020.30,CTE
3020.30,CTE
3020.40,CTE
3020.40,CTE
3099.00,CTE
3099.00,CTE
3099.00,CTE
4901.00,Not CTE
4901.00,Not CTE
4901.00,Not CTE
4901.00,Not CTE
4901.00,Not CTE
4902.00,Not CTE
4902.00,Not CTE
4903.00,Not CTE
4903.00,Not CTE
4903.00,Not CTE
4930.09,Not CTE
4930.10,Not CTE
4930.10,Not CTE
4930.11,Not CTE
4930.12,Not CTE
4930.12,Not CTE
4930.13,Not CTE
4930.14,Not CTE
4930.31,Not CTE
4930.31,Not CTE
4930.32,Not CTE
4930.32,Not CTE
4930.33,Not CTE
4930.60,Not CTE
4930.62,Not CTE
4930.72,Not CTE
4930.84,Not CTE
4930.84,Not CTE
4930.85,Not CTE
4930.85,Not CTE
4930.86,Not CTE
4930.86,Not CTE
4930.87,Not CTE
4930.87,Not CTE
4930.90,Not CTE
4931.00,CTE
4931.00,CTE
4931.00,CTE
4932.00,CTE
4932.00,CTE
4999.00,Not CTE
